Title,Item number,Quantity
"1/2p Bracelet Charm  - 1971,1973,1974,1975,1976,1977,1978,1979,1981,1982,1983",233188703920,10
"1/2p Pendant 18in chain - 1971,1973,1974,1975,1976,1977,1978,1979,1981,1982,1983",333143892542,9
103 year old Silver threepence coin cufflinks - Century old 1918 birthday 103rd,232786690653,1
103rd Birthday 1918 Silver threepence Silver coin pendant 8 inch S/Silver chain,332535694455,1
105th 1916 Birthday Silver threepence coin Silver pendant @ 18 inch SS chain,231215013441,1
105th Birthday Silver threepence coin cufflinks - 1916 silver coins cufflinks,331923892710,1
11th Wedding Anniversary  Cufflinks - Steel Wedding Anniversary Cufflinks 2010,232207269217,27
11th Wedding Anniversary  Cufflinks - Steel Wedding Anniversary Cufflinks gift,231130871064,31
12th Pottery 2009 wedding anniversary Spanish 1 Cent Cathedral Coin Cufflinks Bx,332334013151,10
13th Lace  Wedding Anniversary - 2008 Wedding Anniversary Cufflinks ,232626255685,181
13th Lace 2008 Wedding Anniversary American dime cufflinks  2008 Wedding ,232630844986,24
13th Wedding Anniversary  Cufflinks - Lace Wedding Anniversary Cufflinks gift,231009691590,3
14th 2007 Ivory Wedding Anniversary - 2007 14th Wedding Anniversary Cufflinks,232207255920,186
14th Ivory 2007 Wedding Anniversary American dime cufflinks  2007 Wedding 14th,332438715198,29
15th Wedding Anniversary  Cufflinks - Crytsal Wedding Anniversary Cufflinks gift,331840374381,2
16th Wedding Anniversary  Cufflinks - Crystal Wedding Anniversary Cufflinks gift,231867371564,3
16th Wedding Anniversary 2005 American dime coin cufflinks,332092963495,11
16th Wedding Anniversary 2005 Canadian dime coin cufflinks ,333325776592,1
17th Wedding Anniversary 2004 American dime coin cufflinks - Great Gift ,232916262226,1
1914 105th  Birthday Silver threepence coin Silver pendant @ 18 inch SS chain,331186663765,1
1914 Silver Threepence 105th  Birthday Sterling Silver Pendant & 18 in SS Chain,331286209876,1
1915 106th Birthday Silver threepence coin Silver plated pendant 18 inch chain,232033175146,1
1916 105th Birthday Silver threepence coin Silver plated pendant 18 inch chain,331923903531,1
1917 104th Birthday Silver threepence coin Silver pendant @ 18 inch SS chain,232207428497,1
1918 103rd Birthday Silver threepence coin Silver plated pendant 18 inch SS ch,332626882678,1
1919 101st Birthday Silver threepence coin Silver pendant @ 18 inch SS chain,233256682684,1
1919 101st Birthday Silver threepence coin Silver plated pendant 18 inch SS chan,233154763941,1
1919 101st Birthday Silver threepence coin Silver plated pendant 18 inch SS chan,233122805717,1
1920 101st Birthday / Anniversary sixpence coin Silver pendant @ 18inch SS ch,233545701445,1
1920 101st Birthday Silver threepence coin Silver pendant @ 18 inch SS chain,233527994931,1
1921 100th Birthday / Anniversary sixpence coin Silver pendant @ 18inch SS chain,231215020822,1
1922 99th Birthday / Anniversary sixpence coin Silver pendant @ 18inch SS chain,231215020838,1
1922 99th Birthday Silver threepence coin Silver pendant @ 18 inch SS chain,331186670326,1
1925 96th Birthday Silver threepence coin Silver plated pendant 16 inch SS chain,331714727546,1
1926 95th Birthday Silver threepence coin Silver plated pendant 18inch SS chain,231761625051,1
1928 93rd Birthday Silver threepence coin Silver plated pendant an 18 inch chain,232630226545,1
1930 91st Birthday Silver threepence coin Silver plated pendant 18 inch chain,232377458832,4
1931 90th Birthday Silver threepence coin Silver plated pendant an 18 inch chain,332799387677,1
1931 90th Birthday Threepence coin bracelet charm ready to hang 1931 gift,230951916913,9
1931 90th Lucky Sixpence Domed Sixpence Birthday Anniversary 1928-1937 18in ch,233491356248,89
1931 90th Lucky Sixpence Domed Sixpence Birthday Anniversary 1928-1937 Keyring,233491358475,7
1931 90th Lucky Sixpence Fine Sixpence Birthday Anniversary 1928-1937 18in ch,233491372227,8
1932 89th Birthday Silver threepence coin Silver plated pendant â€ 18 inch chain,331375605410,1
1933 88th Birthday Silver threepence coin cufflinks - Great gift idea,231111978672,1
1934 87th Birthday Threepence coin bracelet charm ready to hang 1934 gift,333928473845,8
1935 86th Birthday Silver threepence coin Silver plated pendant 18 inch chain,231386958515,1
1935 86th Birthday Threepence coin bracelet charm ready to hang 1935 gift,331098732678,5
1936 85th Birthday Silver threepence coin cufflinks - Great gift idea,232036529627,9
1936 85th Birthday Threepence coin bracelet charm ready to hang 1936 gift,230951915051,6
1937 84th Birthday Silver threepence coin cufflinks - Great gift idea present,232273065247,1
1938 83rd Birthday Silver threepence coin cufflinks - Great gift idea,232722596162,3
1938 83rd Birthday Silver threepence coin Silver plated pendant 18 inch chain,232630225213,1
1938 83rd Birthday Silver threepence coin Silver plated pendant 18 inch chain,233118180443,1
1938 83rd lucky sixpence coin bracelet charm ready to hang 1938 gift,330896011954,8
1938 Lucky sixpence coin 83rd Birthday Pendant & Chain - 83rd birthday 1938 coin,230904301385,9
1939 82nd Birthday lucky sixpence coin bracelet charm ready to hang 1939 gift,330896011512,7
1939 82nd Birthday Silver threepence coin Silver plated pendant a 18 inch chain,331375605598,1
1939 Silver Threepence Coin 82nd Birthday Pendant & Chain - 82nd birthday 1939,333290432798,1
1939 Silver Threepence coin earrings - Great Gift for 82nd birthday,330899443133,5
1941 80th Birthday Anniversary Farthing Domed Keyring 1937 - 1956,333510956126,95
1941 80th Birthday Anniversary Farthing Domed Pendant 1937 - 1956 18in Chain,333510958195,99
1941 80th Birthday Silver threepence coin cufflinks - Great gift idea,233112451736,2
1941 80th Birthday Silver threepence coin cufflinks - Great gift idea,232599273776,1
1941 80th birthday Threepence 3d Cufflinks WOW ideal 80th 1941 Birthday gift,231128303762,10
1941 80th Birthday Threepence keyring - 80th birthday 1941 threepence coin,233484504176,40
1941 Threepence 3d 80th birthday Cufflinks - 80th birthday 1941 coin slv,233154759327,19
1941 Two Tone Farthing Coin Cufflinks 80th Birthday 80th birthday 1941 coins,330777783291,7
1941 Two Tone Farthing Coin Cufflinks 80th Birthday 80th birthday 1941 Rose,233194242195,8
1941 Two Tone Farthing Coin Cufflinks 80th Birthday 80th birthday 1941 Roseg,233467688032,10
1942 79th Birthday lucky sixpence coin bracelet charm ready to hang 1942 gift,230952406792,9
1942 79th Birthday Threepence keyring - 79th birthday 1942 coin keyring,331098850285,21
1942 Threepence 3d 79th birthday Cufflinks - 79th birthday 1942 cufflinks boxed,331098848512,7
1943 78th Birthday Irish Threepence coin cufflinks - Great gift idea 1943 3d,232584697668,1
1943 78th Birthday lucky sixpence coin bracelet charm ready to hang 1943 gift,231128383802,7
1943 78th Birthday Threepence keyring - 78th birthday 1943 threepence coin,231128387035,37
1944 77th Birthday lucky sixpence coin bracelet charm ready to hang 1944 gift,330896009195,2
1945 76th Birthday lucky sixpence coin bracelet charm ready to hang 1945 gift,330896008720,2
1947 74th Birthday lucky sixpence coin bracelet charm ready to hang 1947 gift,231128695953,6
1947 74th Lucky Sixpence Domed Pendant + 18in SS Birthday Anniversary 1947-1951,233513375834,4
1947 74th Lucky Sixpence Domed Sixpence Charm Birthday  Anniversary 1947-1951,333534282938,4
1947 74th Lucky Sixpence Domed Sixpence Keyring Birthday  Anniversary 1947-1951,233513376475,50
1948 73rd Birthday lucky sixpence coin bracelet charm ready to hang 1948 gift,231128727883,8
1949 72nd Birthday Lucky Keyring - Double Rim effect - Genuine 1949 sixpence ,333123239848,4
1949 72nd Lucky Sixpence Domed Pendant + 18in SS Birthday Anniversary 1947-1951,233513375547,5
1949 72nd Lucky Sixpence Domed Sixpence Charm Birthday  Anniversary 1947-1951,333534282653,5
1949 72nd Lucky Sixpence Domed Sixpence Keyring Birthday  Anniversary 1947-1951,333534281513,50
1949 Two Tone Farthing Coin Cufflinks 72nd Birthday 72nd birthday 1949 coins,233463046467,10
1950 71st Birthday Lucky Keyring - Double Rim effect - Genuine 1950 sixpence ,333476628596,2
1950 71st birthday lucky sixpence wedding anniversary Premium - Boxed,233471727372,9
1950 71st Lucky Sixpence Domed Pendant + 18in SS Birthday Anniversary 1947-1951,233513352378,4
1950 71st Lucky Sixpence Domed Sixpence Charm Birthday  Anniversary 1947-1951,333534268974,5
1950 Threepence 3d 71st birthday Cufflinks - 71st birthday 1950 coin slv,233463075773,19
1950 Threepence 3d 71st birthday Cufflinks 71st birthday 1950 coin cufflinks HT,333476693869,3
1951 50th Lucky Sixpence Domed Pendant + 18in SS Birthday Anniversary 1947-1951,233513375663,5
1951 50th Lucky Sixpence Domed Sixpence Charm Birthday  Anniversary 1947-1951,233513377070,5
1951 50th Lucky Sixpence Domed Sixpence Keyring Birthday  Anniversary 1947-1951,333534281730,50
1951 70th birthday,233926351032,7
1951 70th Birthday Anniversary Farthing Domed Keyring 1937 - 1956,333510955517,93
1951 70th Birthday Anniversary Farthing Domed Pendant 1937 - 1956 18in Chain,333510957574,100
1951 70th Birthday Threepence keyring - 70th birthday 1951 threepence coin,233484503378,45
1951 70th Lucky Sixpence Domed Pendant + 18in SS Birthday Anniversary 1947-1951,333534280892,4
1951 70th Lucky Sixpence Domed Sixpence Birthday Anniversary 1937-1951 18in ch,333510920201,12
1951 70th Lucky Sixpence Domed Sixpence Birthday Anniversary 1937-1951 keyring,333510921854,132
1951 70th Lucky Sixpence Domed Sixpence Charm Birthday  Anniversary 1947-1951,233513376765,3
1951 70th Lucky Sixpence Fancy Sixpence Birthday Anniversary 1937-1951 18in ch,333510939847,13
1951 70th Lucky Sixpence Fine Sixpence Birthday Anniversary 1937-1951 18in ch,233491368163,14
1951 70th Lucky Sixpence Rim Sixpence Birthday Anniversary 1937-1951 18in ch,233491369181,13
1951 71st Lucky Sixpence Domed Sixpence Keyring Birthday  Anniversary 1947-1951,333534275483,50
1952 Threepence 3d 69th birthday Cufflinks - 69th birthday 1952 cufflinks boxed,231128811248,35
1953 68th Birthday lucky sixpence coin bracelet charm ready to hang 1953 gift,331099385348,14
1953 Sixpence Coin Cufflinks Mens 67th Birthday Gift / Present / Anniversary,231267075625,20
1954 67th birthday lucky sixpence earrings - WOW great gift idea,330749914443,7
1955 66th Birthday Lucky Sixpence Keyring - Fine 65th 1955 - Gift Boxed  ,232662479440,10
1955 66th Birthday Lucky Sixpence Keyring - Owl 65th 1955 - Gift Boxed ,332551877088,4
1955 lucky Sixpence Luxury Cufflinks - Gift Boxed,231481617686,33
1955 Sixpence Anchor Keyring for 66th Birthday Gift boxed,233300607288,9
1955 Sixpence Coin Cufflinks Mens 66th Birthday Gift / Present / Anniversary,331191603786,9
1955 Sixpence Coin Cufflinks Mens 66th Birthday Gift / Present / Anniversary gld,333140695891,54
1955 Sixpence Coin Cufflinks Mens 66th Birthday Gift / Present / Anniversary HT,331679116437,46
1955 Sixpence Coin Cufflinks Quality Mens 66th Birthday Gift HT,231717736788,29
1956 65th Birthday Lucky Sixpence Keyring - Owl 64th 1956 - Gift Boxed ,232662469417,7
1956 65th Birthday Sixpence Coin Cufflinks Mens Gift fathers day gifts,231880212571,34
1956 65th Birthday Threepence keyring - 1956 65th Birthday threepence coin,331685065975,7
1956 65th Lucky Sixpence Domed Pendant + 18in SS Birthday Anniversary 1953-1967,333534187007,150
1956 65th Lucky Sixpence Domed Sixpence Charm Birthday  Anniversary 1953-1967,233512718592,146
1956 65th Lucky Sixpence Domed Sixpence Keyring Birthday  Anniversary 1953-1967,333533623709,145
1956 Lucky Sixpence Coin Cufflinks Mens 65th Birthday Gift Anniversary HT 1956,231846992434,45
1956 Luxury Sixpence Coin Cufflinks HT,231717726174,48
1956 Sixpence Coin Cufflinks Mens 65th Birthday Gift / Present / Anniversary,231267076828,13
1956 Threepence 3d 65th birthday Cufflinks - 65th birthday 1956 cufflinks HT,231128865842,4
1956 Threepence Cufflinks 65th Birthday Fathers day gift idea for dad - HT slv,233506580638,10
1956 Threepence Cufflinks for a 65th Birthday Fathers day gift idea for dad,331099391223,3
1956 Threepence Cufflinks for a 65th Birthday Fathers day gift idea for dad - HT,233191776818,10
1957 64th Birthday lucky sixpence coin bracelet charm ready to hang 1957 gift,330896002530,6
1957 64th Birthday Lucky Sixpence Keyring - Fine 64th 1957 - Gift Boxed,232662479598,10
1957 64th Birthday Lucky Sixpence Keyring - Owl 64th 1957 - Gift Boxed,232662469314,8
1957 LUCKY SIXPENCE CUFFLINKS BIRTHDAY CELEBRATION BIRTH YEAR 64th GIFT ,332273148551,27
1957 Sixpence Coin Cufflinks Mens 64th Birthday Gift / Present / Anniversary HT,232201413810,16
1957 Sixpence Owl Keyring for 64th Birthday Gift boxed,232261311091,15
1958 63rd Birthday Lucky Sixpence Keyring - Fine 63rd 1958 - Gift Boxed,232662479408,5
1958 63rd Birthday Lucky Sixpence Keyring - Owl 63rd 1958 - Gift Boxed,232662447902,2
1958 63rd Birthday Sixpence Coin Cufflinks Mens  Gift / Present / Anniversary HT,232635171468,45
1958 Sixpence Coin Cufflinks Mens 63rd Birthday Gift / Present / Anniversary,331243370089,11
1959 62nd Birthday lucky sixpence coin bracelet charm ready to hang 1959 gift,331099946720,3
1959 62nd Birthday Lucky Sixpence Keyring - Owl 62nd 1959 - Gift Boxed ,232662469453,1
1959 Threepence 3d 62nd birthday Cufflinks - 62nd birthday 1959 coin cufflinks,330854937253,7
1960 61st Birthday lucky sixpence coin bracelet charm ready to hang 1960 gift,231129457693,4
1960 61st Birthday Lucky Sixpence Keyring - Fine 61st 1960 - Gift Boxed,332551886277,10
1961 60th Birthday lucky sixpence coin bracelet charm ready to hang 1960 gift,330896002231,6
1961 60th Birthday Lucky sixpence Floral Pendant with 22 inch leather cord,332733206398,10
1961 60th Birthday Lucky Sixpence Keyring - Fine 60th 1961 - Gift Boxed,232662479915,9
1961 60th Birthday Lucky Sixpence Keyring - Owl 60th 1961 - Gift Boxed,332551877604,3
1961 60th Birthday Lucky Sixpence Keyring - Owl 60th 1961 - Gift Boxed ,332551870387,4
1961 60th Birthday Lucky sixpence Link Pendant + 18in Sterling Silver Chain,232635208197,7
1961 60th Birthday Lucky Sixpence Rabbit Fob - 60th 1961 - Gift Boxed ,232664629626,3
1961 60th Birthday Threepence keyring - 60th birthday 1961 threepence coin,233484502352,47
1961 60th Lucky Sixpence Domed Sixpence Birthday Anniversary 1953-1967 18in ch,333510908533,148
1961 60th Lucky Sixpence Fine Sixpence Birthday Anniversary 1953-1967 18in ch,333510937744,149
1961 60th Lucky Sixpence Floral Sixpence Birthday Anniversary 1953-1967 18in ch,233491366159,146
1961 60th Threepence 3d Domed Sixpence Keyring Birthday Anniversary 1953-1967,333547859498,147
1961 60th Threepence 3d Domed Sixpence Keyring Birthday Anniversary 1953-1967 GL,233529166087,149
1961 Sixpence Anchor Keyring for 60th Birthday Gift boxed,233329263731,3
1961 Sixpence Coin Cufflinks Mens 60th Birthday Gift / Present / Anniversary,231267079887,7
1961 Sixpence Coin Cufflinks Mens 60th Birthday Gift HT 2021,333987739183,62
1961 Threepence 3d 60th birthday Cufflinks - Fathers Day 1961 coin cufflinks,233204336732,11
1961 Threepence 3d 60th birthday Cufflinks - Fathers Day 1961 coin cufflinks HT,233461942231,11
1961 Threepence 3d 60th Cufflinks - 60th birthday 1961 cufflinks - HT slv,233506571502,2
1962 59th Birthday Lucky Sixpence Keyring - Fine 59th 1962 - Gift Boxed,232662479956,10
1963 58th Birthday lucky sixpence coin bracelet charm ready to hang 1963 gift,231129573806,6
1963 58th Birthday Lucky Sixpence Keyring - Owl 58th 1963 - Gift Boxed,332551880202,10
1963 Sixpence Coin Cufflinks Mens58th Birthday Gift / Present / Anniversary,331243374168,26
1963 Threepence 3d 58th birthday Cufflinks - 58th birthday 1963 coin cufflinks,231129601205,11
1964 57th Birthday Lucky Sixpence Keyring - Owl 57th 1964 - Gift Boxed,332551877676,6
1964 lucky sixpence coin bracelet charm ready to hang ,331100125758,4
1964 Sixpence Coin Cufflinks Mens 57th Birthday Gift / Present / Anniversary,231220034107,1
1965 56th Birthday Lucky Sixpence Keyring - Owl 56th 1965 - Gift Boxed,232662469592,6
1965 Sixpence Coin Cufflinks Mens 56th Birthday Gift / Present / Anniversary,331243246409,8
1965 Sixpence Coin Cufflinks Mens 56th Birthday Gift / Present / Anniversary HT,331679112790,50
1965 Sixpence Coin Cufflinks Quality Mens 56th Birthday Gift  HT,231717738066,24
1965 Sixpence for 56th  Wedding Anniversary Luxury Cufflinks,331522536425,29
1966 55th Birthday Lucky Sixpence Keyring - Fine 55th 1966 - Gift Boxed,232662480812,9
1966 55th Lucky Sixpence Domed Pendant + 18in SS Birthday Anniversary 1953-1967,233513261743,150
1966 55th Lucky Sixpence Domed Sixpence Charm Birthday  Anniversary 1953-1967,233512719052,143
1966 55th Threepence 3d Domed Sixpence Keyring Birthday Anniversary 1953-1967,333547859181,150
1966 Birthday 55th Lucky Sixpence Coin Cufflinks,331774248807,28
1966 Sixpence Coin Cufflinks Mens 55th Birthday Gift / Present / Anniversary,231266962957,37
1966 Sixpence Coin Cufflinks Quality Mens 55th Birthday Gift for  HT,331779301889,11
1966 Threepence 3d 55th birthday Cufflinks - 55th birthday 1966 cufflinks HT slv,233506584096,7
1967 54th Birthday lucky sixpence coin bracelet charm ready to hang 1967 gift,231130030664,8
1967 LUCKY SIXPENCE CUFFLINKS BIRTHDAY CELEBRATION BIRTH YEAR 54th ,232380538278,48
1967 Luxury Sixpence Coin Cufflinks Heads and Tails 54th birthday present - box,331994607442,48
1967 Sixpence Coin Cufflinks Mens 54th Birthday Gift - American Dime,332089532744,10
1968 American Dime Coin Cufflinks Mens 53rd Birthday Gift - 53rd Birthday 1968,232625940299,3
1971 50th Birthday Anniversary 1p Silver Plated Pendant & 18in SS Chain,231130038186,10
1971 Old 5p coin 50th Birthday Pendant & Chain - 50th birthday 1971 pendant,231130039014,1
1974 47th Birthday Anniversary 1p Silver Plated Pendant & 18in SS Chain,230771109136,10
1975 46th Birthday Anniversary 1p coin in a Silver Plated Pendant mount ,231445417944,1
1975 46th Birthday Anniversary 1p Silver Plated Pendant & 18in SS Chain,331439434039,5
1975 Canadian dime coin cufflinks- Great gift idea. 46th birthday coin cufflinks,233460626028,1
1978 Canadian dime coin cufflinks- Great gift idea. 43rd birthday coin cufflinks,233378792875,1
1979 42nd Birthday Anniversary 1p coin in a Silver Plated Pendant mount ,231130173032,5
1980 41st Birthday Anniversary 1p coin in a Silver Plated Pendant mount ,233465409049,5
1980 Old 5p coin 41st Birthday Pendant & Chain - 41st birthday 1980 pendant,233465409710,2
1986 Canadian dime coin cufflinks- Great gift idea. 35th birthday coin cufflinks,232524529964,1
1987 Coin Cufflinks Mens 34th Birthday Gift - American Dime,232203532524,9
1988 Birthday American Dime 33rd birthday cufflinks,332089536151,9
1989 32nd Birthday Anniversary 1p Silver Plated Pendant & 18in SS Chain,231130304288,8
1989 Old 5p coin 32nd Birthday Pendant & Chain - 32nd birthday 1989 pendant,233086490796,2
1991 30th Birthday Anniversary 1p coin in a Silver Plated Pendant mount ,333480257877,8
1992 Canadian dime coin cufflinks 29th Wedding Anniversary cufflinks,332291058975,1
1993 Canadian dime coin cufflinks- Great gift idea. 28th birthday coin cufflinks,332521594863,1
1994 Canadian dime coin cufflinks- Great gift idea. 27th birthday coin cufflinks,330861415253,1
1996 25th birthday American Dime cufflinks 25th birthday,232356867480,5
1998 23rd birthday American Dime cufflinks 23rd birthday,333385517908,1
1st Wedding Anniversary  Cufflinks - Paper Wedding Anniversary Cufflinks - Gift,331101666998,5
2004 American dime coin cufflinks,231620684616,11
2005 American dime coin cufflinks 16th Wedding Anniversary,331604285775,9
2005 Wedding Anniversary Cufflinks 16th Wedding Anniversary Cufflinks ,331101544789,10
2006 15th Crystal  Wedding anniversary American Dime cufflinks 15h birthday,332092973845,1
2007 14th Ivory Wedding Anniversary Canadian dime coin cufflinks box,232384295880,2
2008 Silk Wedding Anniversary - 13th Lace  Wedding Anniversary  Cufflinks,232626255919,190
2011 10th Tin wedding anniversary pendant 18in sterling silver ch,231130908199,4
2013 8th Bronze wedding anniversary cufflinks - Copper 1p coins from 2013 HT,333476713436,10
2013 Gift idea 8th Bronze wedding anniversary cufflinks,333476708975,38
3rd Wedding Anniversary  Cufflinks - Fruit Wedding Anniversary Cufflinks,231130962240,14
44th birthday coin cufflinks 1977 Canadian dime coin cufflinks Great gift idea.,232508221270,1
4th Wedding Anniversary  Cufflinks - Fruit Wedding Anniversary Cufflinks gift,331101639794,12
51st Birthday Irish Threepence coin cufflinks,232625943514,1
52nd Birthday lucky sixpence coin bracelet charm ready to hang ,231129574708,8
53rd Birthday Gift / Present / Anniversary,231521617719,29
55th Birthday gift 1966 Lucky Sixpence Luxury Coin Cufflinks,331774249358,24
56th Birthday Irish Threepence coin cufflinks - Great gift idea 1965 3d,231521617241,9
60th Anniversary Threepence Cufflinks - Diamond Wedding cufflinks 1961 boxed HT,233461922772,10
60th Birthday 1961 Lucky Sixpence Fancy Pendant plus Sterling Silver 18in Chain,233461918220,9
60th Birthday 1961 Lucky Sixpence Fine Pendant plus Sterling Silver 20in Chain,333474809943,9
60th Birthday 1961 Lucky Sixpence Floral Pendant plus Sterling Silver 20in Chain,233461963093,10
60th Birthday 60 sixty Premium 1961 Lucky sixpence cufflinks for a 60th gld,333164650054,9
60th Birthday Gift - 1961 - LUCKY SIXPENCE COIN Charm 1953-1967,233512716953,147
60th Birthday Gift - 1961 - LUCKY SIXPENCE COIN cufflinks - Gift Boxed,232974204306,10
60th Birthday Gift - 1961 - LUCKY SIXPENCE COIN Cufflinks Mens HT ,333497154511,25
60th Birthday Gift - 1961 - LUCKY SIXPENCE COIN Domed Sixpence Keyring 1953-1967,233491337963,122
60th Birthday Gift - 1961 - LUCKY SIXPENCE COIN Fine Pendant plus SS 18in Chain,233461915603,4
60th Birthday Gift - 1961 - LUCKY SIXPENCE COIN Floral Pendant+ SS 18in Chain,233461916837,8
60th Birthday Gift - 1961 - LUCKY SIXPENCE Domed Pendant + 18in SS 1953-1967,233513261329,150
60th Birthday Gift - 1961 - LUCKY SIXPENCE Premium cufflinks gld ,233203955965,9
60th Birthday Gift - 1961 - THREEPENCE 3D - 60th birthday 1960 cufflinks - HT,233503284466,2
60th Birthday Gift Luxury 60th Birthday Mens Antique Sixpence Coin Cufflinks,233079591288,31
60th Birthday lucky sixpence coin bracelet charm ready to hang 1961 gift,233461902830,5
60th Birthday Lucky Sixpence Keyring - Owl 60th 1961 - Gift Boxed ,333474719585,8
60th Birthday Premium 1961 Lucky sixpence cufflinks 60th Sixty 60 Boxed slv,233203954754,5
60th Sixty 60 60th Birthday Premium 1961 Lucky sixpence cufflinks slv - Gift box,233203955120,10
61st Birthday Mens Luxury coin cufflinks HT,332087495116,48
62nd,332087506567,32
62nd Anniversary Threepence Cufflinks - 1959 boxed HT,333148138718,10
62nd Birthday 1959 Lucky Sixpence Fancy Pendant plus Sterling Silver 18in Chain,333351122601,5
62nd Birthday 1959 Lucky Sixpence Fine Pendant plus Sterling Silver 18in Chain,333351125892,6
62nd Birthday 1959 Lucky Sixpence Floral Pendant plus Sterling Silver 18in Chain,233361032265,10
63rd 1958 Birthday Anniversary Retirement Luxury Silver Sixpence Cufflinks Box,332733154323,33
63rd Birthday 1958 Luxury Silver Sixpence Coin Cufflinks Boxed Great Gift,232634217230,24
63rd Birthday 1958 Luxury Silver Sixpence Cufflinks Boxed 1958 coins for 61st,332631702606,33
63rd Birthday gift 1958 Lucky sixpence Link Pendant + 18in Sterling Silver Chain,232635204290,9
63rd Birthday Lucky Sixpence Keyring - Fine 63rd 1958 - Gift Boxed,232746638194,6
64th birthday 1957 coin cufflinks,332087494143,9
65th Birthday 1956  Irish coin cufflinks,334081232640,4
65th Birthday 1956 Lucky Sixpence Fancy Pendant plus Sterling Silver 18in Chain,333351135964,9
65th Birthday 1956 Lucky Sixpence Fine Pendant plus Sterling Silver 18in Chain,233361039530,10
65th Birthday 1956 Lucky Sixpence Floral Pendant plus Sterling Silver 18in Chain,333351134157,10
65th Birthday 1956 Sixpence Coin cufflinks,331765205605,32
68th Pendant 1953 Lucky sixpence 68th Birthday + Sterling Silver 18in chain,331099363104,9
70th Birthday 1951 Farthing Coin Cufflinks for 70th Anniversary Fathers Day Rose,333151523451,9
71st Birthday 1950 Lucky Sixpence Fancy Pendant plus Sterling Silver 20in Chain,233463061347,3
71st Birthday 1950 Lucky Sixpence Floral Pendant plus Sterling Silver 18in Chain,233463062714,9
73rd birthday cufflinks Lucky sixpence - Genuine polished 1948 sixpence,232746651939,15
73rd Birthday Irish 1948 Threepence coin cufflinks,232915846992,1
73rd Birthday Lucky Keyring - Double Rim effect - Genuine 1948 sixpence ,332632159927,7
78th Premium 1943 Lucky sixpence cufflinks  for a 78th Birthday cufflinks,232973729862,10
7th Copper wedding anniversary cufflinks - Copper 1p coins from 2014 Gift idea,233847543048,33
7th Copper wedding anniversary pendant - Copper 1p coins from 2014 7th Wedding,233847545474,58
7th Wedding Anniversary Charm - Copper Wedding Anniversary Charm gift,231130912747,18
7th Wedding Anniversary Cufflinks - Copper Wedding Anniversary Cufflinks gift,332733972989,38
81st Birthday cufflinks Premium 1940 Lucky Irish Threepence 3d,332848534694,10
8th Bronze wedding anniversary cufflinks - Bronze 1p coins from 2013 Gift HT,232224118352,30
8th Bronze wedding anniversary cufflinks - Bronze 1p coins from 2013 Gift idea,333476709246,34
8th Bronze wedding anniversary pendant - Bronze 1p coins from 2013 8th Wedding,232208550337,58
8th Wedding Anniversary  Cufflinks - Bronze Wedding Anniversary Cufflinks gift 5,331101609797,8
8th Wedding Anniversary  Cufflinks - Bronze Wedding Anniversary Cufflinks gift 5,332849129068,28
8th Wedding Anniversary  Cufflinks - Pottery Wedding Anniversary Cufflinks gift,231130907753,7
8th Wedding Anniversary Cufflinks - Pottery Wedding Anniversary Cufflinks gift,331919231337,7
90th Birthday 1931 Lucky Sixpence Fancy Pendant plus Sterling Silver 18in Chain,233463073033,1
90th Birthday 1931 Lucky Sixpence Fine Pendant plus Sterling Silver 18in Chain,333476686265,1
91st Birthday 1930 Lucky Sixpence Floral Pendant plus Sterling Silver 18in Chain,233463074709,6
9th Potter 2012 wedding anniversary Spanish 1 Cent Cathedral Coin Cufflinks Box,232446759854,9
9th Pottery Wedding Anniversary 2012 Canadian dime coin cufflinks - Great Gift,231044493696,1
American dime cufflinks  2008 Wedding 13th Lace  Wedding Anniversary ,332520691920,27
Anniversary Birthday lucky Irish 3d threepence coin bracelet charm - Gift for ,333248324572,74
Anniversary Birthday lucky Irish 3d Threepence earrings - WOW great gift idea,333248330151,79
Birthday / anniversary 5p coin Bird keyring 1990-2016 Wedding Favours - ,333146744334,259
Birthday / anniversary 5p coin Heart keyring 1990-2016 Wedding Favours - ,333146745429,251
Birthday / anniversary 5p coin key keyring  1990-2016 Wedding Favours - ,333146738684,255
Birthday / anniversary 5p coin Star Burst keyring 1990-2016 Wedding Favours - ,333146754124,259
Birthday / Anniversary Irish 3d Threepence Domed coin pendant plus 18inch SS ch,333511063899,317
Birthday anniversary 5p coin Start Burst bookmark 1990-2016 Wedding Favours ,333218438735,259
Birthday Anniversary Farthing Floral Bookmark 1937 - 1956,333247573576,84
Birthday Anniversary Farthing Gold Plated Bracelet charm 1913 - 1936,233268745005,120
Birthday Anniversary Farthing Gold Plated Bracelet Charm 1937 - 1956,333247576493,96
Birthday Anniversary Farthing Gold Plated Pendant ready to hang 1937 - 1956,333247577526,92
Birthday Anniversary Farthing Silver Plated Pendant & 18in SS Chain 1913 - 1936,233268733875,120
Birthday Anniversary Farthing Silver Plated Pendant & 18in SS Chain 1937 - 1956,333247549112,97
Birthday Anniversary Farthing Silver Plated Pendant Ready to hang 1913 - 1936,233268738062,118
Birthday Anniversary Farthing Silver Plated Pendant ready to hang 1937 - 1956,233269894096,93
Birthday Anniversary Irish coin Start Burst Pendant 18 inch ss chain,233270674048,317
Birthday Farthing coin floral book mark 1913 - 1936 birthday gift - boxed,333246395042,115
Birthday lucky sixpence earrings - WOW great gift idea from 1953 - 1967,333223604887,137
Butterfly Pendant Lucky sixpence Birthday + 18in Sterling Silver 1953 - 1967 ,233243443659,592
Circle Pendant Lucky sixpence Birthday + 18in Sterling Silver Chain 1953 - 1967 ,333216977930,591
Fancy Pendant Lucky sixpence Birthday + 18in Sterling Silver 1953 - 1967 ,233243515144,595
Fathers Day 1961 Sixpence Coin Cufflinks Mens 60th Birthday Gift HT 2020,233613170847,30
Fathers Day lucky premium sixpence cufflinks fantastic gift for Fathers day gld,333102333702,669
Fathers Day lucky premium sixpence cufflinks Wow fantastic gift for Fathers day,330706336770,560
Fine 60th 1961  Lucky Sixpence Keyring - Gift Boxed 1960 60th Birthday ,333474718555,4
Fine Pendant 1968 Irish sixpence 53rd Birthday + 18 inch Sterling Silver Chai,332626989869,1
Fine Pendant Lucky sixpence Birthday + 18in Sterling Silver Chain 1953 - 1967 ,233243428156,599
Floral Pendant 1921 Lucky sixpence 100th Birthday coin plus 18inch SS chain -â€ ,330715429943,9
Floral Pendant 1922 Lucky sixpence 99th Birthday coin plus 18inch SS chain -â€ ,330849977437,4
Floral Pendant 1926 Lucky sixpence 95th Birthday coin plus 18inch SS chain -â€ ,231663216682,8
Floral Pendant 1928 Lucky sixpence 93rd Birthday + 18 inch Sterling Silver Chain,332658209252,3
Floral Pendant 1929 Lucky sixpence 92nd Birthday +18 inch Sterling Silver Chain,334275999879,1
Floral Pendant 1935 Lucky sixpence 86th Birthday + 18 inch Sterling Silver Chain,331460218988,5
Floral Pendant 1937 Lucky sixpence 84th Birthday + 18 inch Sterling Silver Chain,230904289107,4
Floral Pendant 1938 Lucky sixpence 83rd Birthday + 18 inch Sterling Silver Chain,231128211412,9
Floral Pendant 1939 Lucky sixpence 82nd Birthday + 18 inch Sterling Silver Chain,331098818824,3
Floral Pendant 1944 Lucky sixpence 77th Birthday + 18 inch Sterling Silver Chain,330851472897,8
Floral Pendant 1946 Lucky sixpence 75th Birthday + 18 inch Sterling Silver Chain,231128673928,10
Floral Pendant 1948 Lucky sixpence 73rd Birthday + 18 inch Sterling Silver Chain,231128720752,8
Floral Pendant 1949 Lucky sixpence 72nd Birthday + 18 inch Sterling Silver Chain,330852286874,9
Floral Pendant 1957 Lucky sixpence 64th Birthday + Sterling Silver 18in chain,330853970425,8
Floral Pendant Lucky sixpence Birthday + 18in Sterling Silver 1953 - 1967 ,333217014348,598
Four T Pendant Lucky sixpence Birthday + 18in Sterling Silver Chain 1953 - 1967 ,233355182639,598
Gear anniversary pendant @ Sterling Silver 18in 1990-2016 Wedding Favours - ,333218413313,260
Gear Pendant 1965 American Dime 56th Birthday + 18 inch Sterling Silver Chain,232264380593,2
Gear Pendant 1967 American Dime 54th Birthday + 18 inch Sterling Silver Chain,232264380664,2
Gear Pendant 1969 American Dime 52nd Birthday + 18 inch Sterling Silver Chain,332149721341,3
Gear Pendant 2008 American Dime 13th Lace  Anniversary + 18 inch SS Chain,232630846349,3
Gear Pendant 2008 Canadian Dime 13th Birthday + 18 inch Sterling Silver Chain,232264380771,2
Gear Pendant 2009 American Dime 12th Pottery  + 18 inch Sterling Silver Chain,332149723335,1
Gear Pendant Origin Irish Threepence Birthday + 18 inch Sterling Silver gift,233270631368,319
Golf cufflinks in Silver plated cufflink mounts,231288909024,7
Golfing Cufflinks for the keen golfer made from real coins,231272988627,6
"Golfing cufflinks, Cufflinks for the keen golfer, Fathers day gift ides, Dad",232553147141,1
Happy 60th Birthday 1961 60 Lucky Sixpence Rabbit Fob - 60th 1960 - Gift Boxed ,233204342888,3
Happy 60th Sixty 60 60th Birthday Premium 1961 Lucky sixpence cufflinks slv,233203955397,4
"Irish Sixpence for luck Wedding Anniversary Birthday Cufflinks 1940, 1950, 1961",333499069171,58
Irish Threepence for luck Wedding Tie Clip Anniversary Birthday Gift Boxed,333389035033,122
Irish Threepence Lapel Pin Tie Pin Tie Tack Wedding Favour Bring - Gift for ,333248328719,79
Key to my Heart Lucky sixpence Birthday + 18in Sterling Silver 1953 - 1967 ,333217226759,600
"Lucky 1955 Sixpence cufflinks mens gift ""Lucky Sixpence"" 66th Birthday gift",331321919044,14
lucky Irish Domed 3d threepence coin bracelet charm for Anniversary Birthday ,233509099558,74
Lucky Sixpence Birthday / Anniversary coin Book Mark - Rim,333149442170,148
Lucky Sixpence Birthday / Anniversary coin Bookmark 1953 - 1967,233244319566,146
Lucky Sixpence Birthday / Anniversary coin Brooch 1953 - 1967,233194308407,136
Lucky Sixpence Birthday / Anniversary coin Bubble Bookmark 1953 - 1967 ,233244472476,145
Lucky Sixpence Birthday / Anniversary coin Bump Bookmark 1953 - 1967 ,333218622100,149
Lucky Sixpence Birthday / Anniversary coin Circle Bookmark 1953 - 1967 ,233244465010,150
Lucky Sixpence Birthday / Anniversary coin Fancy Bookmark 1953 - 1967 ,233244487446,148
Lucky Sixpence Birthday / Anniversary coin Fine Bookmark 1953 - 1967 ,233244489077,149
Lucky Sixpence Birthday / Anniversary coin Floral Bookmark 1953 - 1967 ,233244485405,149
Lucky Sixpence Birthday / Anniversary coin Four Tip Bookmark 1953 - 1967 ,233355182640,147
Lucky Sixpence Birthday / Anniversary coin Link Bookmark 1953 - 1967 ,233244480689,149
Lucky Sixpence Birthday / Anniversary coin OWL Bookmark 1953 - 1967 Owl,333218456048,133
Lucky Sixpence Birthday / Anniversary coin pendant plus Sterling Slv chain - Rim,333149428111,595
Lucky Sixpence Birthday / Anniversary coin Rim Bookmark 1953 - 1967 ,233244482528,150
Lucky Sixpence Birthday / Anniversary coin Square Bookmark 1953 - 1967 ,333218612533,150
Lucky Sixpence Birthday / Anniversary coin Star Bookmark 1953 - 1967 ,233244493332,145
Lucky sixpence Birthday Bubble Pendant plus 18in Sterling Silver 1953 - 1967 ,233244475200,600
Lucky sixpence Birthday Bump Pendant plus 18in Sterling Silver 1953 - 1967 ,233244478496,600
Lucky sixpence Birthday Fancy Pendant plus 18in Sterling Silver 1953 - 1967 ,233244488355,595
Lucky sixpence Birthday Fine Pendant plus 18in Sterling Silver 1953 - 1967 ,333218646882,600
Lucky sixpence Birthday Floral Pendant plus 18in Sterling Silver 1953 - 1967 ,333218638480,598
Lucky Sixpence Birthday Keyring - Genuine polished sixpence 1953 to 1967,331105950186,276
Lucky Sixpence Birthday Keyring - Genuine polished sixpence 1953 to 1967 - Gift,330849618743,724
Lucky sixpence Birthday Link Pendant plus 18in Sterling Silver 1953 - 1967 ,233244481388,600
Lucky sixpence Birthday Rim Pendant plus 18in Sterling Silver 1953 - 1967 ,333218635082,595
Lucky sixpence Birthday Square Pendant plus 18in Sterling Silver 1953 - 1967 ,233244470404,599
Lucky sixpence Birthday Star Pendant plus 18in Sterling Silver 1953 - 1967 ,233244494214,598
 Lucky sixpence Leaf Pendant and Sterling Silver Chain - Birthday - Anniversary,332780663174,417
"Luxury 11th ""Steel wedding"" anniversary cufflinks - 1p coins from 2010",233465484479,11
Luxury 1944 77th Birthday / Anniversary real one cent lincoln coin cufflinks,231222716602,8
Luxury 1961 Mens Antique Sixpence Coin Cufflinks - gift boxed,233079590504,16
Luxury 1965 Mens Sixpence Coin Cufflinks,231481623381,33
Luxury cufflinks made from 2015 5p piece for a 2015 Wedding / Anniversary,231717734470,10
Mens 60th Birthday 1961 Sixpence Coin Cufflinks  ,333474714220,34
Mens 66th Birthday Gift / Present / Anniversary 1955 Sixpence Coin Cufflinks New,231220025958,4
Owl Pendant Lucky sixpence Birthday + 18in Sterling Silver Chain 1953 - 1967 ,233243434561,594
Premium  2007 14th Ivory Wedding Anniversary 2007 Coin cufflinks Fathers day Dad,332848540461,10
Premium  2008 13th Lace  Wedding Anniversary 2008 Coin cufflinks,232974215750,6
Premium  HT 1992 29th 29 year Anniversary 1992 Coin cufflinks,232974215791,8
Premium  HT 1998 23rd  23 year  Anniversary 1998 Coin cufflinks,332848520812,8
Premium  HT 1999 22nd  Birthday 1999 Coin cufflinks,233464569725,5
Premium  HT 2002 19th Birthday / Anniversary 2002 Coin cufflinks,332848520781,7
Premium  HT 2003 18th Birthday or Anniversary 2003 cufflinks,232974251518,7
Premium  HT 2015 6th Iron Anniversary 2015 Coin cufflinks - Fathers Day Dad,332848540602,10
Premium  HT 2016 4th Fruit 4 year Fruit  Anniversary 2016 Coin cufflinks Dad,232974244640,10
"Premium 1/2p Cufflinks 1971,1973,1974,1975,1976,1977,1978,1979,1981,1982,1983",233188682301,104
Premium 1916 Lucky sixpence cufflinks for a 105th Birthday  cufflinks,232973729810,7
Premium 1918 Lucky sixpence cufflinks  for a 103rd Birthday cufflinks,332845132415,1
Premium 1918 Lucky sixpence cufflinks  for a 103rd Birthday cufflinks,332848026282,10
Premium 1920 Lucky sixpence cufflinks for a 101st Birthday cufflinks slv,332848507761,1
Premium 1921 Farthing coin cufflinks for a 100th Birthday cufflinks gld,333483185556,10
Premium 1921 Farthing coin cufflinks for a 100th Birthday cufflinks roseg,333483185038,7
Premium 1921 Lucky sixpence cufflinks  for a 100th Birthday cufflinks,232974204135,10
Premium 1921 Lucky sixpence cufflinks  for a 99th Birthday cufflinks,332847951826,10
Premium 1921 Lucky sixpence cufflinks for a 100th Birthday cufflinks,232973729898,10
Premium 1921 Lucky sixpence cufflinks for a 100th Birthday cufflinks slv HT,233463082878,6
Premium 1922 Lucky sixpence cufflinks for a 99th Birthday cufflinks,232973729838,10
Premium 1924 Lucky sixpence cufflinks  for a 97th Birthday cufflinks,232973729900,10
Premium 1925 Lucky sixpence cufflinks  for a 96th Birthday cufflinks,332848507695,10
Premium 1926 Lucky sixpence cufflinks for a 95th Birthday cufflinks,332847951822,10
Premium 1927 Lucky sixpence cufflinks for a 94th Birthday cufflinks,332848507659,10
Premium 1927 Lucky sixpence cufflinks for a 94th Birthday cufflinks,232973729831,10
Premium 1928 Lucky Irish Threepence 3d for a 93rd  cufflinks Fathers Day Dad ,332848534881,10
Premium 1928 Lucky sixpence cufflinks for a 93rd Birthday cufflinks,232973729863,10
Premium 1929 Lucky sixpence cufflinks for a 92nd Birthday cufflinks Fathers day,332847952194,9
Premium 1929 Lucky sixpence cufflinks for a 92nd Birthday cufflinks fathers day,332848507729,10
Premium 1930 Lucky sixpence cufflinks for a 91st Birthday cufflinks,232974204504,8
Premium 1930 Lucky sixpence cufflinks for a 91st Birthday cufflinks gld,232973729932,10
Premium 1931 Farthing coin cufflinks for a 90th Birthday gift for men gld,233467687032,10
Premium 1931 Farthing coin cufflinks for a 90th Birthday gift for men roseg,233467686750,9
Premium 1931 Farthing coin cufflinks for a 90th Birthday gift for men slv,333483186563,10
Premium 1931 Lucky sixpence cufflinks for a 90th Birthday cufflinks,232973729809,10
Premium 1931 Lucky sixpence cufflinks for a 90th Birthday cufflinks,232974204158,10
Premium 1932 Lucky sixpence cufflinks for a 89th Birthday cufflinks,332848507586,10
Premium 1932 Lucky sixpence cufflinks for a 89th Birthday cufflinks,232973729834,10
Premium 1933 Lucky Irish Threepence 3d for a 88th  cufflinks Fathers Day dad ,232974238941,10
Premium 1933 Lucky sixpence cufflinks  for a 88th Birthday cufflinks,332847952057,10
Premium 1933 Lucky sixpence cufflinks for a 88th Birthday cufflinks,232974204300,10
Premium 1934 Lucky Irish Threepence 3d for a 87th  cufflinks,332848530428,1
Premium 1934 Lucky Irish Threepence 3d for a 87th  cufflinks,232974238977,9
Premium 1934 Lucky sixpence cufflinks  for a 87th Birthday cufflinks,332848507672,8
Premium 1934 Lucky sixpence cufflinks for a 87th Birthday cufflinks,232973729899,10
Premium 1935 Lucky Irish Threepence 3d for a 86th  cufflinks,232974231264,1
Premium 1935 Lucky Irish Threepence 3d for a 86th  cufflinks,232974238533,10
Premium 1935 Lucky sixpence cufflinks for a 86th Birthday cufflinks,332847952305,8
Premium 1935 Lucky sixpence cufflinks for a 86th Birthday cufflinks,232974204416,9
Premium 1936 Lucky sixpence cufflinks for a 85th Birthday cufflinks,232974204281,9
Premium 1936 Lucky sixpence cufflinks for a 85th Birthday cufflinks,232973729808,9
Premium 1937 Lucky sixpence cufflinks for a 84th Birthday cufflinks,332848507658,10
Premium 1937 Lucky sixpence cufflinks for a 84th Birthday cufflinks,332847951911,10
Premium 1938 Lucky sixpence cufflinks for a 83rd Birthday cufflinks,232974204400,10
Premium 1938 Lucky sixpence cufflinks for a 83rd Birthday cufflinks,332847952043,10
Premium 1939 Lucky sixpence cufflinks for a 82nd Birthday cufflinks Fathers day,332848507730,8
Premium 1940 Lucky Irish Threepence 3d for a 81st  cufflinks,232974231323,1
Premium 1941 Lucky sixpence cufflinks for a 80th Birthday cufflinks,232974204188,10
Premium 1942 Lucky Irish Threepence 3d for a 79th  cufflinks,332848530350,1
Premium 1942 Lucky sixpence cufflinks for a 79th Birthday cufflinks,332848507619,10
Premium 1942 Lucky sixpence cufflinks for a 79th Birthday cufflinks,332847951922,10
Premium 1943 Lucky Irish Threepence 3d for a 78th  cufflinks,232974231421,1
Premium 1943 Lucky Irish Threepence 3d for a 78th  cufflinks,332848534755,10
Premium 1943 Lucky sixpence cufflinks  for a 78th Birthday cufflinks,232974204350,10
Premium 1945 Lucky sixpence cufflinks for a 76th Birthday cufflinks,232974204473,10
Premium 1946 Lucky sixpence cufflinks for a 75th Birthday cufflinks,332847951827,8
Premium 1946 Lucky sixpence cufflinks for a 75th Birthday cufflinks,232974204264,8
Premium 1947 Lucky sixpence cufflinks for a 74th Birthday  cufflinks,332847951927,10
Premium 1948 Lucky Irish Threepence 3d for a 73rd cufflinks,232974238723,10
Premium 1948 Lucky sixpence cufflinks for a 73rd Birthday cufflinks,232973729869,10
Premium 1948 Lucky sixpence cufflinks for a 73rd Birthday cufflinks,232974204397,10
Premium 1949 Lucky Irish Threepence 3d for a 72nd  cufflinks,233197846880,1
Premium 1949 Lucky sixpence cufflinks for a 72nd Birthday Fathers Day Dad slv,233248542065,10
Premium 1950 Lucky Irish Threepence 3d for a 71st cufflinks,333301585991,1
Premium 1950 Lucky Irish Threepence 3d for a 71st cufflinks,332848534841,9
Premium 1950 Lucky sixpence cufflinks for a 71st Birthday cufflinks,232974204512,10
Premium 1950 Lucky sixpence cufflinks for a 71st Birthday cufflinks - Gld,232973729966,10
Premium 1950 Lucky sixpence cufflinks for a 71st Birthday cufflinks - HT,233463040633,8
Premium 1951 Lucky Farthing cufflinks for a 70th Birthday Fathers Day Dad gld,233467689327,10
Premium 1951 Lucky Farthing cufflinks for a 70th Birthday Fathers Day Dad slv,333223590471,9
Premium 1951 Lucky sixpence cufflinks for a 70th Birthday cufflinks,332847951831,10
Premium 1951 Lucky sixpence cufflinks for a 70th Birthday cufflinks,232974204186,10
Premium 1952 Lucky sixpence cufflinks for a 69th Birthday cufflinks,232974204269,10
Premium 1952 Lucky sixpence cufflinks for a 69th Birthday cufflinks,232973729839,10
Premium 1953 Lucky Irish Threepence 3d for a 68th  cufflinks,232974231371,1
Premium 1953 Lucky Irish Threepence 3d for a 68th  cufflinks,232974238858,9
Premium 1953 Lucky sixpence cufflinks for a 68th Birthday cufflinks,232974204334,10
Premium 1954 Lucky sixpence cufflinks for a 67th Birthday cufflinks,232974204396,10
Premium 1954 Lucky sixpence cufflinks for a 67th Birthday cufflinks,232973729897,9
Premium 1955 Lucky sixpence cufflinks for a 66th Birthday cufflinks,232974204432,9
Premium 1955 Lucky sixpence cufflinks for a 66th Birthday cufflinks,232973729929,10
Premium 1956 Lucky Irish Threepence 3d for a 65th  cufflinks,332848534876,9
Premium 1956 Lucky Irish Threepence 3d for a 65th  cufflinks,234045609152,1
Premium 1956 Lucky sixpence cufflinks for a 65th Birthday cufflinks,232973729811,8
Premium 1957 Lucky sixpence cufflinks  for a 64th Birthday cufflinks,232973729835,10
Premium 1957 Lucky sixpence cufflinks for a 64th Birthday cufflinks,232974204119,10
Premium 1958 Lucky sixpence cufflinks for a 63rd Birthday cufflinks,332847952060,10
Premium 1958 Lucky sixpence cufflinks for a 63rd Birthday cufflinks,232974204171,10
Premium 1959 Lucky sixpence cufflinks for a 62nd Birthday,332847952185,7
Premium 1959 Lucky sixpence cufflinks for a 62nd Birthday cufflinks,232974204254,7
Premium 1960 Lucky sixpence cufflinks  for a 61st Birthday cufflinks,332847952298,10
Premium 1961 Lucky Irish Threepence 3d for a 60th  cufflinks,232974231471,1
Premium 1961 Lucky Irish Threepence 3d for a 60th  cufflinks,232974238927,8
Premium 1961 Lucky sixpence cufflinks for a 60th Birthday cufflinks,332848507674,9
Premium 1961 Lucky sixpence cufflinks for a 60th Birthday cufflinks,332847951830,10
Premium 1962 Lucky Irish Threepence 3d for a 59th cufflinks,332848530298,1
Premium 1962 Lucky sixpence cufflinks for a 59th Birthday cufflinks,332847951931,10
Premium 1962 Lucky sixpence cufflinks for a 59th Birthday cufflinks,232974204419,9
Premium 1963 Lucky Irish Threepence 3d for a 58th  cufflinks,332848534691,7
Premium 1963 Lucky Irish Threepence 3d for a 58th  cufflinks,232974231336,1
Premium 1963 Lucky sixpence cufflinks for a 58th Birthday cufflinks,332848507757,8
Premium 1963 Lucky sixpence cufflinks for a 58th Birthday cufflinks Gld,332847952058,9
Premium 1964 Lucky Irish Threepence 3d for a 57th  cufflinks,332848534720,10
Premium 1964 Lucky sixpence cufflinks for a 57th Birthday cufflinks,332847952186,10
Premium 1964 Lucky sixpence cufflinks for a 57th Birthday cufflinks,232974204538,10
Premium 1965 Lucky Irish Threepence 3d for a 56th cufflinks,332848534751,9
Premium 1965 Lucky sixpence cufflinks for a 56th Birthday cufflinks,232974204585,10
Premium 1965 Lucky sixpence cufflinks for a 56th Birthday cufflinks,232973729938,10
Premium 1966  American Dime for a 55th Birthday or Anniversary cufflinks,232974204142,10
Premium 1966 Lucky Irish Threepence 3d for a 55th cufflinks,232974231496,1
Premium 1966 Lucky Irish Threepence 3d for a 55th cufflinks,232974238713,6
Premium 1966 Lucky sixpence cufflinks  for a 55th Birthday cufflinks,332847951835,10
Premium 1966 Lucky sixpence cufflinks for a 55th Birthday cufflinks,232974204062,10
Premium 1967 Lincoln Cent  for a 54th Birthday or Anniversary cufflinks Dad,232974244684,10
Premium 1967 Lucky sixpence cufflinks for a 54th Birthday cufflinks,332848507421,7
Premium 1967 Lucky sixpence cufflinks for a 54th Birthday cufflinks,232973729841,9
Premium 1968 Large Old style 5p coin for a 53rd Gold style cufflinks,332857211857,10
Premium 1968 Lincoln Cent  for a 53rd Birthday or Anniversary cufflinks,332848540548,10
Premium 1968 Lucky Irish Threepence 3d for a 53rd cufflinks,232974231338,1
Premium 1969 American Dime for a 52nd Birthday or Anniversary cufflinks,332848507385,7
Premium 1969 Canadian Dime for a 52nd Birthday or Anniversary cufflinks,332848507391,8
Premium 1969 Large Old style 5p coin for a 52nd Gold style cufflinks,332857211705,7
Premium 1970  American Dime for a 51st Birthday or Anniversary cufflinks,232974204134,7
Premium 1970 Large Old style 5p coin  for a 51st Gold style cufflinks,232983711641,10
Premium 1971 English Half Pence for a 50th Birthday or Anniversary cufflinks 1/4,334043505792,7
Premium 1971 Large Old style 5p coin for a 50th Gold style cufflinks,332857211848,10
Premium 1972 Canadian Dime for a 49th Birthday or Anniversary cufflinks,232974204156,10
Premium 1973 American Dime for a 48th Birthday or Anniversary cufflinks,232974204029,10
Premium 1973 Canadian Dime for a 48th Birthday or Anniversary cufflinks,332848507568,10
Premium 1974 American Dime for a 47th Birthday or Anniversary cufflinks,232974204086,9
Premium 1974 Lincoln Cent for a 47th Birthday or Anniversary cufflinks,332848540642,10
Premium 1975 American Dime for a 46th Birthday or Anniversary cufflinks,332848507505,10
Premium 1975 Canadian Cent for a 46th Birthday or Anniversary cufflinks,232974244547,10
Premium 1975 Large Old style 5p coin for a 46th Gold style cufflinks,332857211890,10
Premium 1975 Lincoln Cent for a 46th Birthday or Anniversary cufflinks Dad,232974244637,10
Premium 1976 American Dime for a 45th Birthday or Anniversary cufflinks,232974204195,10
Premium 1976 Canadian Cent for a 45th Birthday or Anniversary cufflinks Dad,332848540360,10
Premium 1977 Lincoln Cent for a 44th Birthday or Anniversary cufflinks,232974244679,10
Premium 1978 American Dime for a 43rd Birthday or Anniversary cufflinks,232974204025,10
Premium 1978 Canadian Dime for a 43rd Birthday or Anniversary cufflinks,232974204127,10
Premium 1978 Large Old style 5p coin  for a 43rd Gold style cufflinks,232983711867,10
Premium 1979 Large Old style 5p coin for a 42nd Gold style cufflinks,332857211609,9
Premium 1979 Lincoln Cent for a 42nd Birthday or Anniversary cufflinks Dad,232974244764,9
Premium 1980 Canadian Dime for a 41st Birthday or Anniversary cufflinks,332848507578,9
Premium 1980 Irish Penny for a 41st Birthday or Anniversary cufflinks,333480229693,7
Premium 1980 Large Old style 5p coin for a 41st Gold style cufflinks,332857211651,10
Premium 1981 American Dime for a 40th Birthday or Anniversary cufflinks,232974204128,10
Premium 1981 Canadian Dime for a 40th Birthday or Anniversary cufflinks,232974204059,10
Premium 1981 One Pence for a 40th Birthday or Anniversary cufflinks,234304481334,8
Premium 1982 American Dime for a 39th Birthday or Anniversary cufflinks,232974204160,10
Premium 1982 Canadian Dime for a 39th Birthday or Anniversary cufflinks,332848507419,10
Premium 1982 Lincoln Cent  for a 37th Birthday or Anniversary cufflinks,332848540573,10
Premium 1983 Canadian Dime for a 38th Birthday or Anniversary cufflinks,232974204181,9
Premium 1984 Canadian Dime for a 37th Birthday or Anniversary cufflinks,232974204267,10
Premium 1985 American Dime for a 36th Birthday or Anniversary cufflinks,332848507373,9
Premium 1985 Canadian Dime for a 36th Birthday or Anniversary cufflinks,232974204333,10
Premium 1986 Canadian Dime for a 35th Birthday or Anniversary cufflinks,232974204176,10
Premium 1986 Lincoln Cent  for a 35th Birthday or Anniversary cufflinks,232974244868,10
Premium 1987 American Dime for a 34th Birthday or Anniversary cufflinks,232974204126,10
Premium 1987 Large Old style 5p coin for a 34th Gold style cufflinks,332857211685,10
Premium 1988 American Dime for a 33rd Birthday or Anniversary cufflinks,232974204161,10
Premium 1988 Canadian Dime for a 33rd Birthday or Anniversary cufflinks,232974204255,10
Premium 1988 Large Old style 5p coin for a 33rd Gold style cufflinks,332857211728,9
Premium 1989  Canadian Dime for a 32nd Birthday or Anniversary cufflinks,332848507644,10
Premium 1989 American Dime for a 32nd Birthday or Anniversary cufflinks,332848507343,9
Premium 1989 Large Old style 5p coin for a 32nd Gold style cufflinks,232983711695,8
Premium 1990  American Dime  for a 31st Birthday or Anniversary cufflinks,332848507379,9
Premium 1990  Canadian Dime  for a 31st Birthday or Anniversary cufflinks,332848507684,10
Premium 1991 30th 30 year birthday / Anniversary 1991 Coin cufflinks,332848520839,1
Premium 1991 Canadian Dime for a 30th Birthday or Anniversary cufflinks,332848507718,10
Premium 1991 English Penny for a 30th Birthday or Anniversary cufflinks,233465427950,10
Premium 1991 Lincoln Cent  for a 30th Birthday or Anniversary cufflinks,232974244638,9
Premium 1992 29th 29 year birthday / Anniversary 1992 Coin cufflinks,332848520757,7
Premium 1992 American Dime for a 29th Birthday or Anniversary cufflinks,232974204152,10
Premium 1993 American Dime for a 28th Birthday or Anniversary cufflinks,232974204185,10
Premium 1994 27th birthday Wedding Anniversary 1994 Fathers Day Dad Gift,332848540341,9
Premium 1995 26th 26 year birthday / Anniversary 1995 Coin cufflinks,232974215798,9
Premium 1995 American Dime for a 26th Anniversary cufflinks Silver Wedding,333480280893,10
Premium 1995 Canadian Dime  for a 26th Birthday or Anniversary cufflinks,332848507551,10
Premium 1995 Canadian Dime for a 26th Anniversary cufflinks Silver Wedding,233465445042,10
Premium 1996 25th 25 year  birthday / Anniversary 1996 Coin cufflinks,232974215846,10
Premium 1996 American Dime for a 25th Birthday or Anniversary cufflinks,332848507542,10
Premium 1996 Canadian Dime for a 25th Birthday or Anniversary cufflinks,332848507590,10
Premium 1997 American Dime for a 24th Birthday or Anniversary cufflinks,332848507582,10
Premium 1997 Canadian Dime for a 24th Birthday or Anniversary cufflinks,232974204307,10
Premium 1998 23rd 23 year birthday / Anniversary 1998 Coin cufflinks,332848520758,5
Premium 1998 American Dime for a 23rd Birthday or Anniversary cufflinks,232974204294,9
Premium 1998 Canadian Dime for a 23rd Birthday or Anniversary cufflinks,332848507627,10
Premium 1999 22nd year birthday / Anniversary 1999 Coin cufflinks,332848520783,5
Premium 1999 American Dime  for a 22nd Birthday or Anniversary cufflinks,332848507337,10
Premium 2000 American Dime for a 21st Birthday or Anniversary cufflinks,332848507381,9
Premium 2000 Canadian Dime for a 21st Birthday or Anniversary cufflinks,232974204344,10
Premium 2001  American Dime for a 20h Birthday or Anniversary cufflink,232974204108,8
Premium 2001 20h birthday / Anniversary 2001 Coin cufflinks,332848520855,10
Premium 2001 Canadian Dime for a 20th Birthday or Anniversary cufflinks,333847582371,10
Premium 2002 American Dime for a 19th Birthday or Anniversary cufflinks,232974204151,8
Premium 2002 Canadian Dime for a 19th Birthday or Anniversary cufflinks,332848507699,10
Premium 2003 18th Wedding Anniversary 2003 Coin cufflinks ,232974244483,7
Premium 2003 American Dime for a 18th Birthday or Anniversary cufflinks,332848507565,9
Premium 2003 Canadian Dime for a 18th Birthday or Anniversary cufflinks,332848507731,10
Premium 2004 American Dime for a 17th Birthday or Anniversary cufflinks,232974204034,10
Premium 2004 Lincoln Cent  for a 17th Birthday or Anniversary cufflinks,332848540497,10
Premium 2005 16th Wedding Anniversary 2005 cufflinks ,232974244579,7
Premium 2005 American Dime for 16th Wedding Anniversary cufflinks,232974204068,10
Premium 2005 Canadian Dime for a 16th Birthday 16th Wedding Anniversary,332848507773,10
Premium 2006 15th Crystal Wedding Anniversary Anniversary 2006 Coin cufflinks,332848540425,9
Premium 2006 American Dime for a 15th Birthday 15th Crystal  Wedding,232974204105,10
Premium 2007 Canadian Dime for a 14th Birthday 14th Ivory Wedding,232974204194,10
Premium 2008 American Dime for a 13th Lace  Wedding Anniversary cufflinks,332848507560,10
Premium 2008 Canadian Dime for a 13th Lace  Wedding Anniversary  cufflinks,232974204287,10
Premium 2008 Lincoln Cent for a 13th Lace  Wedding Anniversary  cufflinks,332848540541,10
Premium 2009 12th Pottery  Wedding Anniversary 2009 Coin cufflinks Dad,332848540343,8
Premium 2009 American Dime for a 12th Pottery  Wedding Anniversary cufflinks,232974204036,10
Premium 2010 American Dime 11th Steel Wedding Anniversary cufflinks,233465482677,10
Premium 2010 American Dime for a 11th Steel Wedding cufflinks  Wedding,333480344911,10
Premium 2011 10th Tin 10 year Tin Anniversary 2011 Coin cufflinks Dad,232974244625,4
Premium 2011 American Dime  for a 10th Tin Birthday or Anniversary cufflinks,232974204107,10
Premium 2011 Canadian Dime 10th Tin Birthday Anniversary cufflinks,232974204274,5
Premium 2012  American Dime  for a 9th Pottery anniversary cufflinks,332848507497,9
Premium 2012  Canadian Dime for a 9th Pottery Anniversary cufflinks,332848507655,10
Premium 2013 8th Bronze 8 year Anniversary 2013 Coin cufflinks,332848520759,8
Premium 2013 American Dime for a 8th Birthday or Bronze Anniversary cufflinks,232974204173,10
Premium 2013 Lincoln Cent  8th Bronze Wedding Anniversary cufflinks - Boxed,332848540623,7
Premium 2014 7th Copper Anniversary 2014 Coin cufflinks - Fathers day Dad,332848540546,10
Premium 2014 American Dime for a 7th Birthday or Anniversary cufflinks,232974204038,10
Premium 2014 Lincoln Cent  7th Copper Wedding Anniversary cufflinks - Boxed,333847590180,8
Premium 2016 4th Fruit 4 year Fruit  Anniversary 2016 Coin cufflinks - Dad,232974244873,10
Premium 2017 4th `linen  Anniversary 2017 Coin cufflinks - Dad,333480361020,10
Premium 52nd Birthday or Anniversary 1969 American Dime cufflinks for a 52nd Dad,333025836793,9
Premium 52nd Birthday or Anniversary 1969 Lincoln Cent cufflinks for a 52nd,233102435602,10
Premium 52nd Gold style cufflinks 1969 Large Old style 5p coin for a 52nd,333025842298,10
Premium Golfing Cufflinks real coins - Novelty golf cufflinks,332848540428,9
Premium HT 2000 21st 21 year Anniversary 2000 Coin cufflinks,332848520854,6
Premium HT 2001 20h Birthday /  Anniversary 2001 Coin cufflinks,232974215754,9
Premium HT 2004 17th Birthday / Anniversary 2004 Coin cufflinks - Fathers Day,332848540468,10
Premium HT 2005 16th Crystal Wedding Anniversary 2005 Coin cufflinks ,232974244752,8
Premium HT 2006 15th Wedding Anniversary 2006 Coin cufflinks 15th Crystal ,232974244635,10
Premium HT 2007 14th Birthday /  Anniversary 2007 cufflinks 14th Ivory Wedding,332848540492,9
Premium HT 2008 13th Lace  Wedding Anniversary 2008 Coin cufflinks - Dad,332848540537,10
Premium HT 2009 12th Pottery Anniversary 2009 Coin cufflinks HT,232974244805,8
Premium HT 2010 11th Steel Anniversary 2010 Coin cufflinks - Aluminium Wedding,233465486835,9
Premium HT 2011 10th Tin Anniversary 2011 Coin cufflinks,332848540435,7
Premium HT 2013 8th Bronze wedding Anniversary 2013 Coin cufflinks HT 5p,232974244761,10
Premium HT 2014 7th Copper 7 year 2014 Coin cufflinks,232974244800,10
Premium HT 2017 4th `linen  Anniversary 2017 Coin cufflinks,333480364255,10
Premium HT1995 26th Birthday / Anniversary 1995 Coin cufflinks Silver Wedding,333480278117,9
Premium Mens Farthing Coin Cufflinks Antique coins made into cufflinks 37-56 Rgd,333145760933,55
Premium Mens Farthing Coin Cufflinks Antique coins made into cufflinks 37-56 slv,233190147388,50
Premium Mens Farthing Coin Cufflinks Antique Farthing coins made into cufflinks,233190143851,63
Premium tie clip for the year of your birth - lucky silver sixpence 1947 - 1967,233043517673,118
Scroll Bookmark 1990-2016 Wedding Favours - ,333145820856,260
Scroll pendant and Sterling Silver 18in chain 1991-2016 Wedding Favours,233190180254,260
Silver Vintage Crest Charm Hayling Island BOGOF,330460405291,13
"Sixpence for luck Wedding Cufflinks gld - 1931, 1941, 1951, 1961",230727302716,291
Sixpence for luck Wedding Cufflinks slv,233154855619,288
Start Burst Key Ring 1990-2016 Wedding Favours - ,333145817849,260
Start Burst pendant and Sterling Silver 18in chain 1991-2016 Wedding Favours,333145804369,260
Start Burst pendant ready to hang 1990-2016 Wedding Favours,233190176075,260
Steel 11th Wedding Anniversary 2010 Coin cufflinks Premium 2010 Cufflinks Box,233465488140,8
Steel Gear Pendant 2010 American Dime 11th Anniversary 18 inch SS Chain,333480343007,2
Steel Premium 2010 11th Wedding Anniversary 2010 Coin cufflinks - fathers day,232974244584,10
Steel Premium HT 2010 11th Anniversary 2010 Coin cufflinks - Fathers Day,332848540610,7
Sterling Silver Vintage Crest Charm Enamel Plymouth,330880934243,1
Sterling Silver Vintage Crest Charm Enamel Plymouth,232610305177,9
Sterling Silver Vintage Crest Charm Enamel Weston WSM,230420862444,7
Threepence keyring - 1944 77th Birthday - 77th birthday/anniversary gift coin,231397471588,35
Tin Premium 2010 American Dime for a 11th Steel Wedding Anniversary cufflinks,332848507384,9
Vintage charm George V Silver Threepence coin 1934,332061105964,1
Vintage charm George V Silver Threepence coin 1935,233495309083,1
Vintage charm George V Silver Threepence coin 1936,330585787129,1
Vintage charm George V Silver Threepence coin 1938,230934312698,1
Vintage charm George V Silver Threepence coin 1939,233176671945,1
Vintage Sterling Silver 1922 Citroen B2 car charm 11.2g,230420918063,1
Wedding anniversary pendant @ Sterling Silver 18in  1990-2016 Wedding Favours - ,333146898152,257